{
  "ARIA+SPC": {
    "avg_acc": {
      "mean": 0.68238,
      "std": 0.019126254207240907
    },
    "bwt": {
      "mean": -0.038575,
      "std": 0.01476431508739909
    },
    "forgetting": {
      "mean": 0.05402499999999999,
      "std": 0.013904900215391702
    },
    "fwt": {
      "mean": -0.8196999999999999,
      "std": 0.01990376848739954
    }
  },
  "ARIA-noSPC": {
    "avg_acc": {
      "mean": 0.7043599999999999,
      "std": 0.006882615781808585
    },
    "bwt": {
      "mean": -0.033525,
      "std": 0.012041179344233674
    },
    "forgetting": {
      "mean": 0.04735,
      "std": 0.0077064907707723885
    },
    "fwt": {
      "mean": -0.8196999999999999,
      "std": 0.01990376848739954
    }
  },
  "EWC": {
    "avg_acc": {
      "mean": 0.78922,
      "std": 0.005121484159889637
    },
    "bwt": {
      "mean": 0.00020000000000000573,
      "std": 0.0007097534783289284
    },
    "forgetting": {
      "mean": 0.0005749999999999977,
      "std": 0.00032210246816811934
    },
    "fwt": {
      "mean": -0.8950999999999999,
      "std": 0.004164132562731422
    }
  },
  "DER++": {
    "avg_acc": {
      "mean": 0.69618,
      "std": 0.006794527209453225
    },
    "bwt": {
      "mean": -0.19749999999999998,
      "std": 0.009951444618747574
    },
    "forgetting": {
      "mean": 0.19749999999999998,
      "std": 0.009951444618747574
    },
    "fwt": {
      "mean": -0.9046,
      "std": 0.004127953488110077
    }
  },
  "StaticMLP": {
    "avg_acc": {
      "mean": 0.73934,
      "std": 0.0030374989711932534
    },
    "bwt": {
      "mean": -0.13535,
      "std": 0.004637752688533544
    },
    "forgetting": {
      "mean": 0.13535,
      "std": 0.004637752688533544
    },
    "fwt": {
      "mean": -0.8950999999999999,
      "std": 0.004164132562731422
    }
  }
}