{
  "ARIA+SPC": {
    "avg_acc": {
      "mean": 0.9857180702618914,
      "std": 0.002825132543592805
    },
    "bwt": {
      "mean": -0.013233756658852559,
      "std": 0.003968325061892879
    },
    "forgetting": {
      "mean": 0.013304678644668161,
      "std": 0.0039289631532859115
    },
    "fwt": {
      "mean": -0.9991489361702127,
      "std": 0.00046326047144835584
    }
  },
  "ARIA-noSPC": {
    "avg_acc": {
      "mean": 0.9843200321267114,
      "std": 0.006988216292700284
    },
    "bwt": {
      "mean": -0.01627171713495228,
      "std": 0.008508006717702726
    },
    "forgetting": {
      "mean": 0.01634263912076788,
      "std": 0.008449514839197076
    },
    "fwt": {
      "mean": -0.9991489361702127,
      "std": 0.00046326047144835584
    }
  },
  "EWC": {
    "avg_acc": {
      "mean": 0.9734737481488285,
      "std": 0.020360982635371182
    },
    "bwt": {
      "mean": -0.022458422137088725,
      "std": 0.027686639977786826
    },
    "forgetting": {
      "mean": 0.02285361617701897,
      "std": 0.02775360900281356
    },
    "fwt": {
      "mean": -0.999338061465721,
      "std": 0.000378250591016549
    }
  },
  "DER++": {
    "avg_acc": {
      "mean": 0.7562762400053973,
      "std": 0.06043683090750641
    },
    "bwt": {
      "mean": -0.3018327818159128,
      "std": 0.07545985484661556
    },
    "forgetting": {
      "mean": 0.3018327818159128,
      "std": 0.07545985484661556
    },
    "fwt": {
      "mean": -0.999338061465721,
      "std": 0.0004821767861553468
    }
  },
  "StaticMLP": {
    "avg_acc": {
      "mean": 0.7690645213378188,
      "std": 0.03015332520455914
    },
    "bwt": {
      "mean": -0.28446497546207716,
      "std": 0.03713579171213176
    },
    "forgetting": {
      "mean": 0.28446497546207716,
      "std": 0.03713579171213176
    },
    "fwt": {
      "mean": -0.999338061465721,
      "std": 0.000378250591016549
    }
  }
}