{
  "ARIA+SPC": {
    "avg_acc": {
      "mean": 0.9850239634614415,
      "std": 0.003240769798211444
    },
    "bwt": {
      "mean": -0.0061201340737665755,
      "std": 0.006741738830023324
    },
    "forgetting": {
      "mean": 0.008597075565077378,
      "std": 0.0033695424479796843
    },
    "fwt": {
      "mean": -0.9992434988179669,
      "std": 0.0004821767861553467
    }
  },
  "ARIA-noSPC": {
    "avg_acc": {
      "mean": 0.9854165138544702,
      "std": 0.0032715461765362636
    },
    "bwt": {
      "mean": -0.010527548189709546,
      "std": 0.0034857778428410264
    },
    "forgetting": {
      "mean": 0.0105778697481262,
      "std": 0.0035027129561428024
    },
    "fwt": {
      "mean": -0.9992434988179669,
      "std": 0.0004821767861553467
    }
  },
  "EWC": {
    "avg_acc": {
      "mean": 0.9734737481488285,
      "std": 0.020360982635371182
    },
    "bwt": {
      "mean": -0.022458422137088725,
      "std": 0.027686639977786826
    },
    "forgetting": {
      "mean": 0.02285361617701897,
      "std": 0.02775360900281356
    },
    "fwt": {
      "mean": -0.999338061465721,
      "std": 0.000378250591016549
    }
  },
  "DER++": {
    "avg_acc": {
      "mean": 0.7562762400053973,
      "std": 0.06043683090750641
    },
    "bwt": {
      "mean": -0.3018327818159128,
      "std": 0.07545985484661556
    },
    "forgetting": {
      "mean": 0.3018327818159128,
      "std": 0.07545985484661556
    },
    "fwt": {
      "mean": -0.999338061465721,
      "std": 0.0004821767861553468
    }
  },
  "StaticMLP": {
    "avg_acc": {
      "mean": 0.7690645213378188,
      "std": 0.03015332520455914
    },
    "bwt": {
      "mean": -0.28446497546207716,
      "std": 0.03713579171213176
    },
    "forgetting": {
      "mean": 0.28446497546207716,
      "std": 0.03713579171213176
    },
    "fwt": {
      "mean": -0.999338061465721,
      "std": 0.000378250591016549
    }
  }
}