{
  "ARIA+SPC": {
    "avg_acc": {
      "mean": 0.7533000000000001,
      "std": 0.0
    },
    "bwt": {
      "mean": -0.12187499999999998,
      "std": 0.0
    },
    "forgetting": {
      "mean": 0.12187499999999998,
      "std": 0.0
    },
    "fwt": {
      "mean": -0.9055,
      "std": 0.0
    }
  },
  "ARIA-noSPC": {
    "avg_acc": {
      "mean": 0.7474999999999999,
      "std": 0.0
    },
    "bwt": {
      "mean": -0.12774999999999997,
      "std": 0.0
    },
    "forgetting": {
      "mean": 0.12774999999999997,
      "std": 0.0
    },
    "fwt": {
      "mean": -0.9055,
      "std": 0.0
    }
  },
  "EWC": {
    "avg_acc": {
      "mean": 0.7937000000000001,
      "std": 0.0
    },
    "bwt": {
      "mean": 0.0002500000000000002,
      "std": 0.0
    },
    "forgetting": {
      "mean": 0.000125000000000014,
      "std": 0.0
    },
    "fwt": {
      "mean": -0.8915,
      "std": 0.0
    }
  },
  "DER++": {
    "avg_acc": {
      "mean": 0.7003,
      "std": 0.0
    },
    "bwt": {
      "mean": -0.19612500000000002,
      "std": 0.0
    },
    "forgetting": {
      "mean": 0.19612500000000002,
      "std": 0.0
    },
    "fwt": {
      "mean": -0.91,
      "std": 0.0
    }
  },
  "StaticMLP": {
    "avg_acc": {
      "mean": 0.7341,
      "std": 0.0
    },
    "bwt": {
      "mean": -0.143625,
      "std": 0.0
    },
    "forgetting": {
      "mean": 0.143625,
      "std": 0.0
    },
    "fwt": {
      "mean": -0.8915,
      "std": 0.0
    }
  }
}