{
  "ARIA+SPC": {
    "avg_acc": {
      "mean": 0.9847587642678991,
      "std": 0.0027321182285011043
    },
    "bwt": {
      "mean": -0.014801642719986694,
      "std": 0.004070612697048211
    },
    "forgetting": {
      "mean": 0.014841043823217584,
      "std": 0.004080415701240106
    },
    "fwt": {
      "mean": -0.9992119779353822,
      "std": 0.0005897017158036166
    }
  },
  "ARIA-noSPC": {
    "avg_acc": {
      "mean": 0.9823383990055522,
      "std": 0.008459719200358413
    },
    "bwt": {
      "mean": -0.018530418546602218,
      "std": 0.010378773616793182
    },
    "forgetting": {
      "mean": 0.018609220753064,
      "std": 0.010292448621273492
    },
    "fwt": {
      "mean": -0.9992119779353822,
      "std": 0.0005897017158036166
    }
  },
  "ARIA-noMA": {
    "avg_acc": {
      "mean": 0.9847587642678991,
      "std": 0.0027321182285011043
    },
    "bwt": {
      "mean": -0.014801642719986694,
      "std": 0.004070612697048211
    },
    "forgetting": {
      "mean": 0.014841043823217584,
      "std": 0.004080415701240106
    },
    "fwt": {
      "mean": -0.9992119779353822,
      "std": 0.0005897017158036166
    }
  },
  "ARIA-noPG": {
    "avg_acc": {
      "mean": 0.9769899286615179,
      "std": 0.007390180690209028
    },
    "bwt": {
      "mean": -0.02460704368128182,
      "std": 0.009098539019154828
    },
    "forgetting": {
      "mean": 0.024685845887743602,
      "std": 0.00920585733500211
    },
    "fwt": {
      "mean": -0.9988967691095351,
      "std": 0.0005897017158036165
    }
  },
  "ARIA-noAGV": {
    "avg_acc": {
      "mean": 0.9615249215872987,
      "std": 0.0192151971961608
    },
    "bwt": {
      "mean": -0.04410923930844146,
      "std": 0.024217874666185607
    },
    "forgetting": {
      "mean": 0.04418804151490324,
      "std": 0.024329157634469755
    },
    "fwt": {
      "mean": -0.9992119779353822,
      "std": 0.000445772596492702
    }
  },
  "ARIA-noCBA": {
    "avg_acc": {
      "mean": 0.8901705144277982,
      "std": 0.0387288069171684
    },
    "bwt": {
      "mean": -0.1334101821864675,
      "std": 0.04832713233419228
    },
    "forgetting": {
      "mean": 0.1334101821864675,
      "std": 0.04832713233419228
    },
    "fwt": {
      "mean": -0.9993695823483058,
      "std": 0.000222886298246351
    }
  }
}